ad_id,reporting_start,reporting_end,campaign_id,fb_campaign_id,age,gender,interest1,interest2,interest3,impressions,clicks,spent
708746,17-08-2017,17-08-2017,916,103916,30-34,M,15,17,17,7350,1,1.429999948
708749,17-08-2017,17-08-2017,916,103917,30-34,M,16,19,21,17861,2,1.820000023
708771,17-08-2017,17-08-2017,916,103920,30-34,M,20,25,22,693,0,0
708815,30-08-2017,30-08-2017,916,103928,30-34,M,28,32,32,4259,1,1.25
708818,17-08-2017,17-08-2017,916,103928,30-34,M,28,33,32,4133,1,1.289999962
708820,17-08-2017,17-08-2017,916,103929,30-34,M,29,30,30,1915,0,0
708889,17-08-2017,17-08-2017,916,103940,30-34,M,15,16,17,15615,3,4.769999981
708895,17-08-2017,17-08-2017,916,103941,30-34,M,16,20,18,10951,1,1.269999981
708953,17-08-2017,17-08-2017,916,103951,30-34,M,27,31,31,2355,1,1.5
708958,30-08-2017,30-08-2017,916,103952,30-34,M,28,32,31,9502,3,3.159999967
708979,30-08-2017,30-08-2017,916,103955,30-34,M,31,37,34,1224,0,0
709023,29-08-2017,29-08-2017,916,103962,30-34,M,7,8,8,735,0,0
709038,29-08-2017,29-08-2017,916,103965,30-34,M,16,20,22,5117,0,0
709040,29-08-2017,29-08-2017,916,103965,30-34,M,16,19,21,5120,0,0
709059,30-08-2017,30-08-2017,916,103968,30-34,M,20,26,23,14669,7,10.28000021
709105,30-08-2017,30-08-2017,916,103976,30-34,M,28,30,32,1241,0,0
709115,30-08-2017,30-08-2017,916,103978,30-34,M,30,34,31,2305,1,0.569999993
709124,30-08-2017,30-08-2017,916,103979,30-34,M,31,34,33,1024,0,0
709179,30-08-2017,30-08-2017,916,103988,35-39,M,15,16,17,4627,1,1.690000057
709183,30-08-2017,30-08-2017,916,103989,35-39,M,16,20,22,21026,4,4.630000114
709320,17-08-2017,17-08-2017,916,104012,35-39,M,15,21,20,1422,0,0
709323,17-08-2017,17-08-2017,916,104012,35-39,M,15,17,19,7132,2,2.609999895
709326,18-08-2017,18-08-2017,916,104013,35-39,M,16,22,22,12190,2,3.049999952
709327,18-08-2017,18-08-2017,916,104013,35-39,M,16,22,20,12193,2,3.059999943
709328,18-08-2017,18-08-2017,916,104013,35-39,M,16,19,18,3332,0,0
709455,18-08-2017,18-08-2017,916,104034,35-39,M,7,12,10,559,0,0
709544,18-08-2017,18-08-2017,916,104049,35-39,M,29,33,32,7440,2,2.980000019
709614,19-08-2017,19-08-2017,916,104061,40-44,M,16,19,20,19113,4,5.5200001
709756,19-08-2017,19-08-2017,916,104085,40-44,M,16,21,21,10976,2,1.690000057
709761,18-08-2017,18-08-2017,916,104085,40-44,M,16,19,20,2861,0,0
709899,18-08-2017,18-08-2017,916,104108,40-44,M,15,18,20,1398,0,0
709901,18-08-2017,18-08-2017,916,104109,40-44,M,16,18,20,23817,7,8.470000148
710045,17-08-2017,17-08-2017,916,104133,45-49,M,16,22,17,47224,12,15.82000017
710088,17-08-2017,17-08-2017,916,104140,45-49,M,24,26,27,2283,1,1.470000029
710360,17-08-2017,17-08-2017,916,104185,45-49,M,21,26,24,2182,1,1.529999971
710477,17-08-2017,17-08-2017,916,104205,30-34,F,16,19,19,2654,0,0
710480,17-08-2017,17-08-2017,916,104205,30-34,F,16,21,20,57665,14,18.06999969
710571,18-08-2017,18-08-2017,916,104220,30-34,F,32,37,38,3091,1,1.610000014
710617,18-08-2017,18-08-2017,916,104228,30-34,F,15,19,16,5014,1,1.190000057
710623,18-08-2017,18-08-2017,916,104229,30-34,F,16,19,20,38726,7,9.220000267
710628,17-08-2017,17-08-2017,916,104230,30-34,F,18,24,22,1473,0,0
710682,29-08-2017,29-08-2017,916,104239,30-34,F,27,33,32,1186,0,0
710763,29-08-2017,29-08-2017,916,104252,30-34,F,15,19,17,5369,1,1.50999999
710836,27-08-2017,27-08-2017,916,104265,30-34,F,29,33,31,22221,7,9.430000067
710867,26-08-2017,26-08-2017,916,104270,30-34,F,63,64,68,1185,0,0
710880,26-08-2017,26-08-2017,916,104272,30-34,F,65,70,68,13019,5,6.960000038
710961,27-08-2017,27-08-2017,916,104285,35-39,F,25,29,26,2508,1,1.220000029
710968,27-08-2017,27-08-2017,916,104287,35-39,F,27,31,29,5864,2,2.799999952
711217,27-08-2017,27-08-2017,916,104328,35-39,F,20,26,23,2783,1,1.600000024
711623,27-08-2017,27-08-2017,916,104396,40-44,F,15,18,20,3812,1,1.129999995
711764,27-08-2017,27-08-2017,916,104419,45-49,F,10,16,11,11199,4,5.730000019
711785,26-08-2017,26-08-2017,916,104423,45-49,F,19,25,23,292,0,0
711877,26-08-2017,26-08-2017,916,104438,45-49,F,63,67,65,17572,7,9.379999995
712052,25-08-2017,25-08-2017,916,104467,45-49,F,10,13,11,1448,0,0
734209,25-08-2017,25-08-2017,936,108654,30-34,M,10,16,14,1772,0,0
734210,25-08-2017,25-08-2017,936,108654,30-34,M,10,16,13,13329,4,5.629999995
734215,26-08-2017,26-08-2017,936,108655,30-34,M,15,19,17,13659,3,3.840000033
734243,26-08-2017,26-08-2017,936,108660,30-34,M,21,23,24,739,0,0
734266,26-08-2017,26-08-2017,936,108664,30-34,M,25,30,27,605,0,0
734272,26-08-2017,26-08-2017,936,108665,30-34,M,26,32,29,1030,0,0
734290,26-08-2017,26-08-2017,936,108668,30-34,M,29,32,35,5374,1,1.039999962
734313,26-08-2017,26-08-2017,936,108672,30-34,M,36,38,38,790,0,0
734314,27-08-2017,27-08-2017,936,108672,30-34,M,36,38,38,962,0,0
734352,27-08-2017,27-08-2017,936,108678,35-39,M,10,11,16,4423,1,1.460000038
734361,29-08-2017,29-08-2017,936,108680,35-39,M,16,19,19,12382,2,2.839999914
734381,29-08-2017,29-08-2017,936,108683,35-39,M,20,25,24,2938,1,1.350000024
734399,28-08-2017,28-08-2017,936,108686,35-39,M,23,24,27,239,0,0
734418,29-08-2017,29-08-2017,936,108689,35-39,M,26,27,28,591,0,0
734421,29-08-2017,29-08-2017,936,108690,35-39,M,27,29,32,10332,4,5.75
734427,29-08-2017,29-08-2017,936,108691,35-39,M,28,29,31,8259,3,3.980000019
734433,29-08-2017,29-08-2017,936,108692,35-39,M,29,35,31,12158,3,4.449999928
734582,29-08-2017,29-08-2017,936,108716,40-44,M,29,33,33,7709,2,1.320000052
734605,28-08-2017,28-08-2017,936,108720,40-44,M,36,37,41,834,0,0
734660,28-08-2017,28-08-2017,936,108729,45-49,M,18,22,23,1299,0,0
734666,28-08-2017,28-08-2017,936,108730,45-49,M,19,24,20,371,0,0
734726,28-08-2017,28-08-2017,936,108740,45-49,M,29,30,35,10466,3,4.090000033
734737,27-08-2017,27-08-2017,936,108742,45-49,M,31,37,33,839,0,0
734785,28-08-2017,28-08-2017,936,108750,30-34,F,10,13,13,5576,1,1.529999971
734794,28-08-2017,28-08-2017,936,108752,30-34,F,16,19,17,4010,0,0
734796,28-08-2017,28-08-2017,936,108752,30-34,F,16,22,17,39337,7,10.03000009
734800,28-08-2017,28-08-2017,936,108753,30-34,F,18,20,20,1635,0,0
734803,28-08-2017,28-08-2017,936,108753,30-34,F,18,19,21,1631,0,0
734852,28-08-2017,28-08-2017,936,108761,30-34,F,26,30,29,13479,3,4.25
734854,19-08-2017,19-08-2017,936,108762,30-34,F,27,33,32,57022,13,20.29000032
734856,19-08-2017,19-08-2017,936,108762,30-34,F,27,28,32,5453,1,1.389999986
734866,20-08-2017,20-08-2017,936,108764,30-34,F,29,32,31,11803,3,4.440000057
734881,20-08-2017,20-08-2017,936,108766,30-34,F,31,32,34,4259,1,1.570000052
734901,20-08-2017,20-08-2017,936,108770,30-34,F,64,70,68,1554,0,0
734903,20-08-2017,20-08-2017,936,108770,30-34,F,64,69,67,5323,1,1.289999962
734925,20-08-2017,20-08-2017,936,108774,35-39,F,10,11,12,5024,1,1.409999967
734939,20-08-2017,20-08-2017,936,108776,35-39,F,16,19,22,104648,24,33.33000004
734968,20-08-2017,20-08-2017,936,108781,35-39,F,22,25,27,8504,3,3.340000093
734999,20-08-2017,20-08-2017,936,108786,35-39,F,27,32,32,20277,6,8.050000072
735014,19-08-2017,19-08-2017,936,108788,35-39,F,29,34,30,12403,4,5.210000038
735032,19-08-2017,19-08-2017,936,108791,35-39,F,32,33,34,498,0,0
735033,18-08-2017,18-08-2017,936,108792,35-39,F,36,40,40,652,0,0
735043,18-08-2017,18-08-2017,936,108793,35-39,F,63,65,69,1357,0,0
735048,18-08-2017,18-08-2017,936,108794,35-39,F,64,65,68,1393,0,0
735065,19-08-2017,19-08-2017,936,108797,40-44,F,7,10,12,648,0,0
735109,19-08-2017,19-08-2017,936,108804,40-44,F,21,26,25,708,0,0
735140,19-08-2017,19-08-2017,936,108809,40-44,F,26,27,31,6907,2,2.349999964
735143,19-08-2017,19-08-2017,936,108810,40-44,F,27,28,30,39035,13,19.32999957
735151,19-08-2017,19-08-2017,936,108811,40-44,F,28,30,31,926,0,0
735184,19-08-2017,19-08-2017,936,108817,40-44,F,63,66,67,4412,1,1.450000048
735189,21-08-2017,21-08-2017,936,108818,40-44,F,64,65,66,9965,3,4.050000072
735213,21-08-2017,21-08-2017,936,108822,45-49,F,10,16,11,73634,23,32.97999978
735220,18-08-2017,18-08-2017,936,108823,45-49,F,15,17,17,69708,20,31.28999949
735242,18-08-2017,18-08-2017,936,108826,45-49,F,19,25,21,530,0,0
735247,18-08-2017,18-08-2017,936,108827,45-49,F,20,24,25,14257,6,8.789999962
735289,18-08-2017,18-08-2017,936,108834,45-49,F,27,30,30,20362,5,9.119999886
735290,18-08-2017,18-08-2017,936,108834,45-49,F,27,29,33,12215,4,6.26000011
735298,18-08-2017,18-08-2017,936,108836,45-49,F,29,31,32,85412,28,38.63999999
736869,18-08-2017,18-08-2017,936,109448,30-34,M,2,6,8,2338,1,0.239999995
736890,18-08-2017,18-08-2017,936,109451,30-34,M,15,16,20,2522,0,0
736893,18-08-2017,18-08-2017,936,109452,30-34,M,16,17,17,3587,0,0
736977,18-08-2017,18-08-2017,936,109470,30-34,M,27,30,28,1273,0,0
736988,21-08-2017,21-08-2017,936,109472,30-34,M,28,29,29,3891,1,1.090000033
736995,21-08-2017,21-08-2017,936,109473,30-34,M,29,34,34,1888,0,0
736997,21-08-2017,21-08-2017,936,109473,30-34,M,29,32,33,1895,0,0
737097,21-08-2017,21-08-2017,936,109498,35-39,M,7,10,11,715,0,0
737130,21-08-2017,21-08-2017,936,109507,35-39,M,16,19,18,11199,2,2.680000067
737320,18-08-2017,18-08-2017,936,109553,35-39,M,63,64,66,5676,2,3.00999999
737375,21-08-2017,21-08-2017,936,109565,40-44,M,10,11,11,1415,0,0
737524,21-08-2017,21-08-2017,936,109601,40-44,M,30,34,33,2148,1,1.580000043
737644,21-08-2017,21-08-2017,936,109629,45-49,M,16,22,17,45401,10,14.06000042
737657,18-08-2017,18-08-2017,936,109633,45-49,M,18,23,20,7478,2,2.900000095
737658,18-08-2017,18-08-2017,936,109633,45-49,M,18,19,24,4919,1,1.590000033
737674,20-08-2017,20-08-2017,936,109637,45-49,M,20,21,24,533,0,0
737766,20-08-2017,20-08-2017,936,109659,45-49,M,29,33,33,1447,0,0
737896,20-08-2017,20-08-2017,936,109689,30-34,F,16,21,22,17553,3,4.590000153
737931,20-08-2017,20-08-2017,936,109698,30-34,F,20,26,24,3343,1,0.540000021
737961,20-08-2017,20-08-2017,936,109706,30-34,F,23,29,28,523,0,0
737995,20-08-2017,20-08-2017,936,109714,30-34,F,26,27,31,1873,0,0
738006,20-08-2017,20-08-2017,936,109717,30-34,F,27,29,32,34740,7,13.41000009
738067,20-08-2017,20-08-2017,936,109731,30-34,F,32,37,36,658,0,0
738098,20-08-2017,20-08-2017,936,109738,30-34,F,64,70,68,1539,0,0
738307,20-08-2017,20-08-2017,936,109788,35-39,F,31,36,36,3010,1,0.860000014
738389,19-08-2017,19-08-2017,936,109808,40-44,F,10,16,12,27081,9,10.77000046
738408,19-08-2017,19-08-2017,936,109813,40-44,F,16,22,22,20233,4,5.590000153
738413,19-08-2017,19-08-2017,936,109813,40-44,F,16,17,19,147159,36,58.16000044
738423,19-08-2017,19-08-2017,936,109816,40-44,F,18,20,24,21664,7,10.61999977
738436,19-08-2017,19-08-2017,936,109820,40-44,F,19,21,20,9112,4,5.460000038
738463,20-08-2017,20-08-2017,936,109826,40-44,F,21,23,24,542,0,0
738528,19-08-2017,19-08-2017,936,109839,40-44,F,30,34,33,402,0,0
738560,19-08-2017,19-08-2017,936,109844,40-44,F,64,70,66,1338,0,0
738582,19-08-2017,19-08-2017,936,109848,45-49,F,10,16,12,46150,15,20.17999983
738592,20-08-2017,20-08-2017,936,109850,45-49,F,16,22,20,493821,116,176.3799977
738593,20-08-2017,20-08-2017,936,109850,45-49,F,16,17,21,92011,27,34.39000046
738598,21-08-2017,21-08-2017,936,109851,45-49,F,18,23,24,12956,4,5.49000001
738606,21-08-2017,21-08-2017,936,109852,45-49,F,19,20,23,529,0,0
738637,21-08-2017,21-08-2017,936,109857,45-49,F,24,26,30,944,1,1.419999957
738648,18-08-2017,18-08-2017,936,109859,45-49,F,26,30,27,111090,38,51.97000027
747212,18-08-2017,18-08-2017,936,110836,30-34,M,10,16,14,7208,2,3.190000057
747213,18-08-2017,18-08-2017,936,110836,30-34,M,10,12,11,1746,0,0
747220,18-08-2017,18-08-2017,936,110837,30-34,M,15,17,16,2474,0,0
747222,18-08-2017,18-08-2017,936,110838,30-34,M,16,22,20,12489,2,1.960000038
747223,18-08-2017,18-08-2017,936,110838,30-34,M,16,18,18,8032,1,0.600000024
747248,21-08-2017,21-08-2017,936,110842,30-34,M,21,24,24,472,0,0
747332,21-08-2017,21-08-2017,936,110856,30-34,M,64,68,65,792,0,0
747362,21-08-2017,21-08-2017,936,110861,35-39,M,15,16,18,4607,1,1.149999976
747369,21-08-2017,21-08-2017,936,110862,35-39,M,16,17,21,13355,2,3.180000067
747370,20-08-2017,20-08-2017,936,110862,35-39,M,16,17,19,2936,0,0
747401,21-08-2017,21-08-2017,936,110867,35-39,M,22,25,25,2793,1,0.980000019
747435,21-08-2017,21-08-2017,936,110873,35-39,M,28,29,30,1032,0,0
747439,21-08-2017,21-08-2017,936,110874,35-39,M,29,35,33,1662,0,0
747489,21-08-2017,21-08-2017,936,110882,40-44,M,2,7,6,4016,2,1.480000049
747514,21-08-2017,21-08-2017,936,110886,40-44,M,16,20,17,14843,3,2.939999938
747645,21-08-2017,21-08-2017,936,110908,45-49,M,10,14,13,9674,3,4.600000024
747659,25-08-2017,25-08-2017,936,110910,45-49,M,16,21,17,12186,2,2.669999957
747675,25-08-2017,25-08-2017,936,110913,45-49,M,20,22,21,673,0,0
747678,25-08-2017,25-08-2017,936,110914,45-49,M,21,27,23,370,0,0
747712,24-08-2017,24-08-2017,936,110919,45-49,M,26,30,29,450,0,0
747790,24-08-2017,24-08-2017,936,110932,30-34,F,10,12,14,2077,0,0
747791,25-08-2017,25-08-2017,936,110932,30-34,F,10,14,13,31393,8,10.96000051
747795,25-08-2017,25-08-2017,936,110933,30-34,F,15,21,18,8410,2,2.359999895
747798,25-08-2017,25-08-2017,936,110934,30-34,F,16,21,20,25884,5,7.350000143
747824,25-08-2017,25-08-2017,936,110938,30-34,F,21,24,23,608,0,0
747828,25-08-2017,25-08-2017,936,110939,30-34,F,22,24,24,28488,10,9.340000033
747852,24-08-2017,24-08-2017,936,110943,30-34,F,26,32,32,10126,3,4.619999886
747859,24-08-2017,24-08-2017,936,110944,30-34,F,27,32,33,22572,5,8.5
747863,24-08-2017,24-08-2017,936,110944,30-34,F,27,30,33,1955,0,0
747879,24-08-2017,24-08-2017,936,110947,30-34,F,30,36,31,493,0,0
747903,24-08-2017,24-08-2017,936,110951,30-34,F,63,69,69,1491,0,0
747911,24-08-2017,24-08-2017,936,110952,30-34,F,64,66,66,1495,0,0
747968,24-08-2017,24-08-2017,936,110962,35-39,F,21,27,24,512,0,0
747991,24-08-2017,24-08-2017,936,110966,35-39,F,25,31,27,4868,2,2.420000076
748000,24-08-2017,24-08-2017,936,110967,35-39,F,26,27,32,6585,2,2.950000048
748007,24-08-2017,24-08-2017,936,110968,35-39,F,27,29,28,10164,2,3.720000029
748014,24-08-2017,24-08-2017,936,110970,35-39,F,29,31,35,11182,4,4.449999809
748045,25-08-2017,25-08-2017,936,110975,35-39,F,63,69,64,1238,0,0
748086,25-08-2017,25-08-2017,936,110982,40-44,F,16,19,18,34127,8,13.07000017
748087,26-08-2017,26-08-2017,936,110982,40-44,F,16,22,19,29466,7,10.84999967
748089,26-08-2017,26-08-2017,936,110982,40-44,F,16,18,21,38759,9,10.84999967
748091,26-08-2017,26-08-2017,936,110982,40-44,F,16,17,19,41720,10,12.06000006
748225,26-08-2017,26-08-2017,936,111005,45-49,F,15,16,17,18602,5,8.860000134
748230,26-08-2017,26-08-2017,936,111006,45-49,F,16,17,20,83929,21,27.72999954
748231,27-08-2017,27-08-2017,936,111006,45-49,F,16,18,21,25194,6,7.349999905
748233,27-08-2017,27-08-2017,936,111006,45-49,F,16,22,18,78627,19,26.53000045
748235,26-08-2017,26-08-2017,936,111006,45-49,F,16,18,19,102695,25,39.42999983
748294,26-08-2017,26-08-2017,936,111016,45-49,F,27,32,31,82827,24,47.93000031
748295,26-08-2017,26-08-2017,936,111016,45-49,F,27,31,32,9240,3,6.039999962
748303,25-08-2017,25-08-2017,936,111018,45-49,F,29,32,33,7706,2,2.369999886
748314,25-08-2017,25-08-2017,936,111020,45-49,F,31,34,32,7821,4,6.340000153
748341,25-08-2017,25-08-2017,936,111024,45-49,F,64,67,68,1363,0,0
776318,25-08-2017,25-08-2017,936,115484,45-49,F,15,16,19,3569,0,0
776322,25-08-2017,25-08-2017,936,115485,45-49,F,16,21,20,119063,34,53.21999949
776323,26-08-2017,26-08-2017,936,115485,45-49,F,16,17,18,99078,23,35.79999948
776325,26-08-2017,26-08-2017,936,115485,45-49,F,16,19,20,452398,114,180.2200012
776334,26-08-2017,26-08-2017,936,115487,45-49,F,10,12,16,191223,48,76.41000056
776336,26-08-2017,26-08-2017,936,115487,45-49,F,10,15,14,22216,6,9.549999952
776338,23-08-2017,23-08-2017,936,115487,45-49,F,10,12,11,48291,11,18.01999998
776353,23-08-2017,23-08-2017,936,115490,40-44,F,63,66,67,27559,8,13.37
776373,21-08-2017,21-08-2017,936,115493,45-49,F,25,27,27,10194,4,4.590000033
776383,21-08-2017,21-08-2017,936,115495,45-49,F,23,27,29,1168,0,0
776405,21-08-2017,21-08-2017,936,115498,45-49,F,21,25,22,40126,16,25.86000001
776416,21-08-2017,21-08-2017,936,115500,45-49,F,19,22,20,3659,1,0.49000001
776430,22-08-2017,22-08-2017,936,115503,30-34,M,10,14,16,3200,0,0
776464,22-08-2017,22-08-2017,936,115508,45-49,F,29,30,31,7550,1,1.679999948
776469,22-08-2017,22-08-2017,936,115509,45-49,F,28,33,29,45397,15,25.41999936
776473,22-08-2017,22-08-2017,936,115510,30-34,M,16,22,22,23086,2,3.310000062
776475,21-08-2017,21-08-2017,936,115510,30-34,M,16,21,20,16425,1,1.549999952
776476,21-08-2017,21-08-2017,936,115510,30-34,M,16,17,18,43756,5,5.439999938
776477,21-08-2017,21-08-2017,936,115510,30-34,M,16,22,17,9982,0,0
776489,21-08-2017,21-08-2017,936,115512,45-49,F,26,31,28,175389,55,81.60999787
776494,21-08-2017,21-08-2017,936,115513,30-34,M,15,16,16,7015,0,0
776515,21-08-2017,21-08-2017,936,115517,45-49,F,65,68,68,12706,3,4.98999989
776519,21-08-2017,21-08-2017,936,115517,45-49,F,65,71,67,70702,20,31.7099998
776533,21-08-2017,21-08-2017,936,115520,45-49,F,63,64,68,63927,16,25.52000046
776534,21-08-2017,21-08-2017,936,115520,45-49,F,63,69,67,15105,3,4.25999999
776538,21-08-2017,21-08-2017,936,115521,30-34,F,15,16,19,8774,1,1.830000043
776551,21-08-2017,21-08-2017,936,115523,30-34,F,16,18,22,14459,1,1.389999986
776552,22-08-2017,22-08-2017,936,115523,30-34,F,16,17,18,21596,2,2.809999943
776553,22-08-2017,22-08-2017,936,115523,30-34,F,16,21,17,66765,8,11.04999971
776563,23-08-2017,23-08-2017,936,115525,30-34,F,7,9,13,1369,0,0
776579,23-08-2017,23-08-2017,936,115527,30-34,F,10,13,14,26910,5,7.229999781
776603,23-08-2017,23-08-2017,936,115531,30-34,F,2,3,6,506,0,0
776615,23-08-2017,23-08-2017,936,115533,45-49,M,63,66,68,11988,3,4.269999862
776623,23-08-2017,23-08-2017,936,115535,45-49,M,64,69,65,19353,6,9.4799999
776631,23-08-2017,23-08-2017,936,115536,40-44,M,29,35,33,10960,2,2.890000105
776643,23-08-2017,23-08-2017,936,115538,30-34,M,15,18,18,33491,6,10.56999969
776644,23-08-2017,23-08-2017,936,115538,30-34,M,15,21,20,20083,2,3.200000048
776659,23-08-2017,23-08-2017,936,115541,30-34,M,16,19,22,8817,0,0
776661,23-08-2017,23-08-2017,936,115541,30-34,M,16,18,22,15466,1,0.970000029
776662,22-08-2017,22-08-2017,936,115541,30-34,M,16,18,22,27072,3,4.370000005
776663,22-08-2017,22-08-2017,936,115541,30-34,M,16,19,22,15753,1,0.569999993
776668,22-08-2017,22-08-2017,936,115542,40-44,M,19,21,24,3523,1,1.809999943
776685,22-08-2017,22-08-2017,936,115545,40-44,M,16,22,17,7745,0,0
776686,22-08-2017,22-08-2017,936,115545,40-44,M,16,17,21,18709,2,3.319999933
776687,23-08-2017,23-08-2017,936,115545,40-44,M,16,20,20,8022,0,0
776696,22-08-2017,22-08-2017,936,115547,30-34,M,10,11,12,7966,1,1.179999948
776697,22-08-2017,22-08-2017,936,115547,30-34,M,10,14,13,4132,0,0
776698,22-08-2017,22-08-2017,936,115547,30-34,M,10,14,16,12785,3,4.730000019
776699,27-08-2017,27-08-2017,936,115547,30-34,M,10,16,16,8213,1,1.379999995
776722,27-08-2017,27-08-2017,936,115551,30-34,M,2,4,7,545,0,0
776725,22-08-2017,22-08-2017,936,115552,40-44,M,23,26,27,2479,1,1.25999999
776780,22-08-2017,22-08-2017,936,115561,40-44,M,2,4,3,3812,2,3.049999952
776793,22-08-2017,22-08-2017,936,115563,45-49,M,21,23,26,1609,0,0
776799,22-08-2017,22-08-2017,936,115564,45-49,M,20,22,26,10257,3,3.579999924
776817,22-08-2017,22-08-2017,936,115567,40-44,M,10,14,16,12356,4,6.279999971
776825,23-08-2017,23-08-2017,936,115568,45-49,M,18,23,20,7410,1,1.210000038
776829,23-08-2017,23-08-2017,936,115569,45-49,M,16,20,19,140098,28,46.63000011
776831,22-08-2017,22-08-2017,936,115569,45-49,M,16,18,20,107021,20,34.44000012
776840,22-08-2017,22-08-2017,936,115571,35-39,M,36,38,40,2797,1,1.289999962
776861,22-08-2017,22-08-2017,936,115574,45-49,M,7,9,12,16461,6,9.21999979
776892,30-08-2017,30-08-2017,936,115580,40-44,M,63,66,69,17488,5,7.719999909
776928,30-08-2017,30-08-2017,936,115586,35-39,M,10,11,15,9750,2,1.5
776935,30-08-2017,30-08-2017,936,115587,45-49,M,36,41,38,1136,0,0
777105,30-08-2017,30-08-2017,936,115615,45-49,M,63,67,67,4333,1,0.180000007
777130,30-08-2017,30-08-2017,936,115619,35-39,M,16,21,22,6260,0,0
777131,22-08-2017,22-08-2017,936,115619,35-39,M,16,19,21,6359,0,0
777166,30-08-2017,30-08-2017,936,115625,30-34,M,63,69,65,2383,0,0
777187,30-08-2017,30-08-2017,936,115629,40-44,M,27,31,28,11292,3,5.389999866
777198,30-08-2017,30-08-2017,936,115631,30-34,M,64,70,69,12729,4,5.779999852
777200,23-08-2017,23-08-2017,936,115631,30-34,M,64,69,70,1898,0,0
777201,23-08-2017,23-08-2017,936,115631,30-34,M,64,69,65,1882,0,0
777235,24-08-2017,24-08-2017,936,115637,30-34,M,65,66,67,2883,1,0.99000001
777248,24-08-2017,24-08-2017,936,115639,30-34,F,7,9,10,3989,1,1.279999971
777261,24-08-2017,24-08-2017,936,115641,40-44,M,29,31,34,19603,4,5.279999971
777382,25-08-2017,25-08-2017,936,115675,40-44,M,24,26,27,3047,1,1.379999995
777398,25-08-2017,25-08-2017,936,115677,35-39,M,24,27,30,3029,1,1.049999952
777410,25-08-2017,25-08-2017,936,115679,45-49,M,26,29,28,3490,1,1.340000033
777482,25-08-2017,25-08-2017,936,115691,45-49,M,28,32,32,2479,0,0
777495,25-08-2017,25-08-2017,936,115693,40-44,M,19,25,25,19581,7,10.42999983
777519,24-08-2017,24-08-2017,936,115697,45-49,M,29,34,32,19537,5,6.099999905
777625,24-08-2017,24-08-2017,936,115715,45-49,M,16,17,19,59433,12,19.65999949
777627,23-08-2017,23-08-2017,936,115715,45-49,M,16,17,19,157534,33,56.19000077
777638,23-08-2017,23-08-2017,936,115717,40-44,M,7,10,12,1781,0,0
777670,23-08-2017,23-08-2017,936,115723,40-44,M,16,19,19,23769,4,6.029999852
777673,23-08-2017,23-08-2017,936,115723,40-44,M,16,18,17,7101,0,0
777742,23-08-2017,23-08-2017,936,115735,35-39,M,64,69,68,4726,1,1.830000043
777758,24-08-2017,24-08-2017,936,115737,30-34,M,19,20,20,5209,1,0.959999979
777794,24-08-2017,24-08-2017,936,115743,30-34,M,18,23,24,13473,3,2.619999945
777816,23-08-2017,23-08-2017,936,115747,40-44,M,2,7,7,500,0,0
777871,23-08-2017,23-08-2017,936,115756,30-34,M,20,26,23,4616,1,1.360000014
777904,30-08-2017,30-08-2017,936,115762,30-34,M,31,32,33,3279,0,0
777905,30-08-2017,30-08-2017,936,115762,30-34,M,31,36,36,3288,0,0
778037,28-08-2017,28-08-2017,936,115784,35-39,M,27,29,28,14615,4,6.050000191
778048,28-08-2017,28-08-2017,936,115786,30-34,M,27,28,29,56615,12,19.88000035
778085,28-08-2017,28-08-2017,936,115792,30-34,M,26,32,31,11735,3,4.529999971
778087,28-08-2017,28-08-2017,936,115792,30-34,M,26,30,32,15910,5,6.779999852
778112,28-08-2017,28-08-2017,936,115796,35-39,M,29,33,35,11446,2,3.090000033
778113,28-08-2017,28-08-2017,936,115796,35-39,M,29,35,35,4595,0,0
778124,28-08-2017,28-08-2017,936,115798,30-34,M,29,34,32,4871,0,0
778148,28-08-2017,28-08-2017,936,115802,35-39,M,28,32,30,3199,0,0
778156,28-08-2017,28-08-2017,936,115804,30-34,M,28,32,31,9388,2,3.140000105
778161,27-08-2017,27-08-2017,936,115804,30-34,M,28,31,33,17954,6,7.5400002
778208,27-08-2017,27-08-2017,936,115812,40-44,F,29,32,32,2755,0,0
778264,27-08-2017,27-08-2017,936,115822,40-44,F,27,31,30,8152,1,0.99000001
778266,27-08-2017,27-08-2017,936,115822,40-44,F,27,32,28,74542,19,34.1500001
778421,27-08-2017,27-08-2017,936,115848,40-44,F,20,21,23,6699,2,3.090000033
778422,27-08-2017,27-08-2017,936,115848,40-44,F,20,25,24,11911,4,3.959999919
778461,27-08-2017,27-08-2017,936,115854,40-44,M,29,35,33,10090,2,2.650000095
778471,27-08-2017,27-08-2017,936,115856,30-34,M,32,35,36,1273,0,0
778483,27-08-2017,27-08-2017,936,115858,40-44,F,18,24,20,24188,5,8.179999828
778529,27-08-2017,27-08-2017,936,115866,30-34,M,31,35,33,2214,0,0
778556,28-08-2017,28-08-2017,936,115870,40-44,M,32,35,38,9735,4,4.130000114
778590,28-08-2017,28-08-2017,936,115876,30-34,M,30,36,36,1371,0,0
778600,29-08-2017,29-08-2017,936,115878,40-44,F,22,23,25,10750,4,5.389999866
778626,29-08-2017,29-08-2017,936,115882,30-34,M,29,33,35,7629,1,0.720000029
778628,29-08-2017,29-08-2017,936,115882,30-34,M,29,35,30,4608,0,0
778674,29-08-2017,29-08-2017,936,115890,35-39,M,29,31,30,3732,0,0
778689,30-08-2017,30-08-2017,936,115892,30-34,M,28,32,32,7453,1,1.679999948
778722,30-08-2017,30-08-2017,936,115898,35-39,F,64,70,67,41785,14,19.10000038
778737,30-08-2017,30-08-2017,936,115900,35-39,M,27,32,30,8077,2,3.579999924
778756,30-08-2017,30-08-2017,936,115904,35-39,F,63,65,65,5602,1,1.580000043
778804,30-08-2017,30-08-2017,936,115912,30-34,M,26,29,29,6184,2,2.75
778808,29-08-2017,29-08-2017,936,115912,30-34,M,26,28,29,1738,0,0
778964,29-08-2017,29-08-2017,936,115938,35-39,F,27,33,28,112460,25,41.29000068
779057,29-08-2017,29-08-2017,936,115954,40-44,M,15,21,21,4414,0,0
779106,28-08-2017,28-08-2017,936,115962,35-39,F,30,35,36,14670,7,9.410000324
779438,28-08-2017,28-08-2017,936,116031,30-34,F,64,66,69,33144,9,13.40999985
779453,29-08-2017,29-08-2017,936,116033,45-49,M,64,68,70,4397,1,0.949999988
779488,29-08-2017,29-08-2017,936,116039,45-49,M,65,68,69,1006,0,0
779573,29-08-2017,29-08-2017,936,116053,35-39,F,10,13,16,89527,24,32.28999996
779608,29-08-2017,29-08-2017,936,116059,35-39,F,15,18,16,2459,0,0
779609,29-08-2017,29-08-2017,936,116059,35-39,F,15,20,18,7116,2,1.730000019
779622,29-08-2017,29-08-2017,936,116061,30-34,F,15,18,17,8613,1,0.889999986
779631,19-08-2017,19-08-2017,936,116063,35-39,F,16,19,18,9730,1,1.379999995
779644,19-08-2017,19-08-2017,936,116065,30-34,F,16,20,20,51816,8,10.2299999
779645,22-08-2017,22-08-2017,936,116065,30-34,F,16,21,20,27289,3,4.429999828
779715,22-08-2017,22-08-2017,936,116077,30-34,F,29,32,33,20409,4,3.829999924
779716,22-08-2017,22-08-2017,936,116077,30-34,F,29,32,34,8044,1,1.110000014
779738,22-08-2017,22-08-2017,936,116081,30-34,F,28,32,33,15645,4,5.349999905
779778,22-08-2017,22-08-2017,936,116087,30-34,F,31,37,34,2466,0,0
779789,22-08-2017,22-08-2017,936,116089,45-49,M,10,14,13,11611,3,3.950000048
779824,22-08-2017,22-08-2017,936,116095,45-49,M,7,13,9,9375,3,4.019999981
779871,22-08-2017,22-08-2017,936,116103,30-34,F,32,37,34,4402,1,1.330000043
779918,22-08-2017,22-08-2017,936,116111,30-34,F,18,23,24,8469,2,3.089999914
779922,22-08-2017,22-08-2017,936,116111,30-34,F,18,22,24,5823,1,1.419999957
779944,21-08-2017,21-08-2017,936,116115,35-39,M,10,13,16,2549,0,0
779979,21-08-2017,21-08-2017,936,116121,35-39,M,16,17,21,25817,4,6.019999981
779995,21-08-2017,21-08-2017,936,116123,30-34,F,20,24,25,1961,0,0
780064,21-08-2017,21-08-2017,936,116135,30-34,F,22,24,25,2554,0,0
780104,21-08-2017,21-08-2017,936,116147,30-34,F,25,27,26,4971,1,1.230000019
780199,22-08-2017,22-08-2017,936,116163,35-39,F,23,28,27,1030,0,0
780318,22-08-2017,22-08-2017,936,116183,45-49,F,29,32,31,162341,56,77.07999969
780323,21-08-2017,21-08-2017,936,116183,45-49,F,29,35,34,24542,7,9.329999924
780486,21-08-2017,21-08-2017,936,116216,30-34,F,65,69,71,2879,0,0
780498,22-08-2017,22-08-2017,936,116218,30-34,F,64,65,68,13621,3,4.090000033
780511,23-08-2017,23-08-2017,936,116220,30-34,F,63,65,66,6175,1,1.370000005
780629,24-08-2017,24-08-2017,936,116240,30-34,F,28,34,34,2963,0,0
780653,24-08-2017,24-08-2017,936,116244,30-34,F,29,33,35,9076,1,1.379999995
780655,24-08-2017,24-08-2017,936,116244,30-34,F,29,33,34,20941,4,5.909999967
780666,24-08-2017,24-08-2017,936,116246,45-49,F,10,13,13,3462,0,0
780681,24-08-2017,24-08-2017,936,116248,30-34,F,26,29,29,4073,0,0
780700,18-08-2017,18-08-2017,936,116252,30-34,F,27,33,30,3745,0,0
780748,18-08-2017,18-08-2017,936,116265,30-34,F,24,26,28,830,0,0
780759,18-08-2017,18-08-2017,936,116267,45-49,F,18,24,22,2912,0,0
780760,24-08-2017,24-08-2017,936,116267,45-49,F,18,23,22,17167,5,6.910000086
780797,24-08-2017,24-08-2017,936,116273,30-34,F,22,25,25,24491,7,9.539999962
780799,23-08-2017,23-08-2017,936,116273,30-34,F,22,24,26,44699,13,17.30000037
780821,23-08-2017,23-08-2017,936,116277,30-34,F,23,24,25,6469,2,1.309999943
780830,23-08-2017,23-08-2017,936,116279,45-49,F,16,17,17,16053,3,4.079999924
780835,23-08-2017,23-08-2017,936,116279,45-49,F,16,21,21,54724,12,17.92999995
780867,23-08-2017,23-08-2017,936,116285,30-34,F,21,27,26,4706,1,1.220000029
780974,23-08-2017,23-08-2017,936,116303,40-44,F,32,38,36,8316,3,4.569999933
781066,23-08-2017,23-08-2017,936,116323,40-44,F,22,26,25,5794,2,2.269999981
781114,23-08-2017,23-08-2017,936,116331,40-44,F,18,24,22,4813,1,1.029999971
781159,23-08-2017,23-08-2017,936,116339,40-44,F,10,15,11,85285,26,36.13000035
781162,21-08-2017,21-08-2017,936,116339,40-44,F,10,11,13,5839,1,1.370000005
781175,21-08-2017,21-08-2017,936,116341,40-44,F,15,16,21,5859,1,1.539999962
781187,18-08-2017,18-08-2017,936,116343,40-44,F,16,22,19,164118,41,59.06999993
781195,18-08-2017,18-08-2017,936,116345,35-39,F,63,67,69,18234,6,7.810000062
781207,18-08-2017,18-08-2017,936,116347,35-39,F,64,67,70,2755,0,0
781303,19-08-2017,19-08-2017,936,116363,35-39,F,27,29,30,73676,20,28.5
781305,19-08-2017,19-08-2017,936,116363,35-39,F,27,30,28,18421,7,10.07999992
781327,19-08-2017,19-08-2017,936,116367,35-39,F,29,35,35,164754,49,67.97999978
781353,19-08-2017,19-08-2017,936,116371,35-39,F,10,13,15,7449,1,1.639999986
781354,19-08-2017,19-08-2017,936,116371,35-39,F,10,14,16,6424,1,0.529999971
781438,18-08-2017,18-08-2017,936,116385,30-34,M,63,65,68,2086,0,0
781470,18-08-2017,18-08-2017,936,116391,35-39,M,16,17,18,6016,0,0
781499,18-08-2017,18-08-2017,936,116395,35-39,M,15,21,20,6412,1,1.370000005
781508,24-08-2017,24-08-2017,936,116397,30-34,F,63,68,64,5040,1,1.440000057
781556,24-08-2017,24-08-2017,936,116405,30-34,F,32,37,36,1772,0,0
781559,18-08-2017,18-08-2017,936,116405,30-34,F,32,38,34,1783,0,0
781606,18-08-2017,18-08-2017,936,116413,35-39,M,20,21,24,8200,3,3.919999957
781690,18-08-2017,18-08-2017,936,116427,45-49,F,26,28,30,115896,38,49.44000006
781811,18-08-2017,18-08-2017,936,116447,35-39,F,16,17,22,10186,1,1.230000019
781857,18-08-2017,18-08-2017,936,116455,30-34,M,20,21,24,9134,3,4.180000067
781858,18-08-2017,18-08-2017,936,116455,30-34,M,20,25,22,3385,1,1.440000057
781907,19-08-2017,19-08-2017,936,116463,45-49,F,21,27,23,1314,0,0
781928,19-08-2017,19-08-2017,936,116467,30-34,M,18,21,22,2916,0,0
781929,20-08-2017,20-08-2017,936,116467,30-34,M,18,21,21,6142,1,1.330000043
781950,20-08-2017,20-08-2017,936,116471,30-34,F,20,26,21,1984,0,0
781999,20-08-2017,20-08-2017,936,116479,30-34,M,24,30,29,9142,3,3.749999881
782001,20-08-2017,20-08-2017,936,116479,30-34,M,24,30,28,5475,2,2.730000019
782022,20-08-2017,20-08-2017,936,116483,30-34,F,18,24,20,8254,2,2.320000052
782026,21-08-2017,21-08-2017,936,116483,30-34,F,18,24,20,5704,1,1.320000052
782130,21-08-2017,21-08-2017,936,116501,30-34,F,16,18,21,7301,0,0
782134,21-08-2017,21-08-2017,936,116501,30-34,F,16,19,21,37873,5,6.169999957
782135,20-08-2017,20-08-2017,936,116501,30-34,F,16,20,17,25267,4,4.940000057
782171,20-08-2017,20-08-2017,936,116507,30-34,F,30,31,32,535,0,0
782180,19-08-2017,19-08-2017,936,116509,30-34,M,29,34,30,3396,0,0
782219,19-08-2017,19-08-2017,936,116515,30-34,M,26,27,32,977,0,0
782228,19-08-2017,19-08-2017,936,116517,40-44,F,63,64,66,12318,5,6.340000153
782242,19-08-2017,19-08-2017,936,116519,30-34,F,28,34,31,4783,1,0.860000014
782275,19-08-2017,19-08-2017,936,116525,30-34,F,29,31,30,6475,1,1.350000024
782337,20-08-2017,20-08-2017,936,116535,45-49,F,16,18,19,104578,29,39.25000095
782407,20-08-2017,20-08-2017,936,116547,45-49,F,10,12,11,33664,11,12.51000035
782443,20-08-2017,20-08-2017,936,116553,40-44,F,20,25,24,979,0,0
782541,20-08-2017,20-08-2017,936,116569,40-44,F,28,29,30,7337,3,4.079999924
782587,18-08-2017,18-08-2017,936,116577,30-34,M,10,13,16,2499,0,0
782647,18-08-2017,18-08-2017,936,116587,40-44,F,27,33,30,11244,3,4.550000191
782658,23-08-2017,23-08-2017,936,116589,30-34,M,15,17,19,4827,0,0
782694,23-08-2017,23-08-2017,936,116595,35-39,F,29,31,35,29035,7,8.910000086
782706,23-08-2017,23-08-2017,936,116597,35-39,F,30,32,32,761,0,0
782754,23-08-2017,23-08-2017,936,116605,35-39,F,26,31,32,6532,1,1.610000014
782815,23-08-2017,23-08-2017,936,116615,40-44,F,10,16,15,11537,3,4.300000191
782816,23-08-2017,23-08-2017,936,116615,40-44,F,10,13,11,12183,3,2.869999945
782862,23-08-2017,23-08-2017,936,116623,35-39,F,64,70,67,5912,1,1.559999943
950068,23-08-2017,23-08-2017,936,123438,30-34,M,10,12,13,4012,1,1.570000052
950078,22-08-2017,22-08-2017,936,123440,30-34,M,16,22,17,12396,2,3.210000038
950079,22-08-2017,22-08-2017,936,123440,30-34,M,16,20,22,3142,0,0
950099,22-08-2017,22-08-2017,936,123443,30-34,M,18,23,23,1120,0,0
950109,22-08-2017,22-08-2017,936,123445,30-34,M,20,24,22,343,0,0
950170,22-08-2017,22-08-2017,936,123455,30-34,M,15,19,16,1720,0,0
950179,22-08-2017,22-08-2017,936,123457,30-34,M,16,22,19,3423,0,0
950182,22-08-2017,22-08-2017,936,123457,30-34,M,16,20,19,3242,0,0
950183,22-08-2017,22-08-2017,936,123457,30-34,M,16,22,19,15720,1,1.379999995
950200,22-08-2017,22-08-2017,936,123460,30-34,M,10,13,15,1217,0,0
950224,22-08-2017,22-08-2017,936,123464,40-44,M,20,21,23,2367,2,2.839999914
950326,22-08-2017,22-08-2017,936,123481,35-39,M,16,19,22,6607,1,1.320000052
950345,23-08-2017,23-08-2017,936,123484,30-34,M,64,66,65,616,0,0
950452,23-08-2017,23-08-2017,936,123502,45-49,M,16,22,22,5537,1,1.519999981
950463,19-08-2017,19-08-2017,936,123504,45-49,M,15,19,18,818,0,0
950495,19-08-2017,19-08-2017,936,123509,45-49,M,21,25,25,1909,1,0.980000019
950521,18-08-2017,18-08-2017,936,123514,30-34,M,21,27,25,351,0,0
950531,19-08-2017,19-08-2017,936,123515,45-49,M,22,24,26,572,0,0
950537,19-08-2017,19-08-2017,936,123516,40-44,M,36,41,40,1884,1,1.409999967
950550,19-08-2017,19-08-2017,936,123519,30-34,M,30,35,36,219,0,0
950577,19-08-2017,19-08-2017,936,123523,30-34,M,32,38,34,540,0,0
950578,19-08-2017,19-08-2017,936,123523,30-34,M,32,37,37,550,0,0
950595,18-08-2017,18-08-2017,936,123526,30-34,M,26,30,31,465,0,0
950609,18-08-2017,18-08-2017,936,123528,30-34,M,29,31,35,1761,0,0
950629,23-08-2017,23-08-2017,936,123532,30-34,M,65,67,68,152,0,0
950631,23-08-2017,23-08-2017,936,123532,30-34,M,65,70,70,152,0,0
950649,23-08-2017,23-08-2017,936,123535,30-34,M,64,67,70,429,0,0
950745,18-08-2017,18-08-2017,936,123551,30-34,M,29,32,31,1514,0,0
950770,18-08-2017,18-08-2017,936,123555,30-34,M,28,31,30,7780,3,4.329999924
950772,18-08-2017,18-08-2017,936,123556,35-39,M,28,30,33,460,0,0
950773,18-08-2017,18-08-2017,936,123556,35-39,M,28,29,32,471,0,0
950776,18-08-2017,18-08-2017,936,123556,35-39,M,28,29,32,2633,1,1.070000052
950787,18-08-2017,18-08-2017,936,123558,30-34,M,27,32,30,199,0,0
950808,22-08-2017,22-08-2017,936,123562,35-39,M,32,33,38,398,0,0
950839,22-08-2017,22-08-2017,936,123567,30-34,M,24,29,25,246,0,0
950878,19-08-2017,19-08-2017,936,123573,40-44,M,10,11,15,2967,1,1.5
950969,19-08-2017,19-08-2017,936,123588,45-49,M,36,38,40,255,0,0
951021,19-08-2017,19-08-2017,936,123597,30-34,F,7,13,9,457,0,0
951033,19-08-2017,19-08-2017,936,123599,30-34,F,10,13,13,5517,1,1.230000019
951035,19-08-2017,19-08-2017,936,123599,30-34,F,10,15,12,1539,0,0
951043,19-08-2017,19-08-2017,936,123601,30-34,F,16,22,17,3189,0,0
951045,19-08-2017,19-08-2017,936,123601,30-34,F,16,20,21,3348,0,0
951046,19-08-2017,19-08-2017,936,123601,30-34,F,16,18,17,20050,4,4.659999847
951102,19-08-2017,19-08-2017,936,123611,45-49,M,16,18,19,2254,0,0
951105,19-08-2017,19-08-2017,936,123611,45-49,M,16,20,21,5894,1,1.539999962
951133,18-08-2017,18-08-2017,936,123616,35-39,M,16,21,19,9948,2,2.720000029
951202,18-08-2017,18-08-2017,936,123627,45-49,F,26,29,28,5307,3,4.289999962
951225,18-08-2017,18-08-2017,936,123631,35-39,F,22,28,28,4621,2,3.25
951270,18-08-2017,18-08-2017,936,123639,35-39,F,18,21,19,784,0,0
951282,18-08-2017,18-08-2017,936,123641,35-39,F,16,22,17,5775,1,1.580000043
951285,19-08-2017,19-08-2017,936,123641,35-39,F,16,20,20,9297,2,2.619999886
951294,19-08-2017,19-08-2017,936,123643,35-39,F,15,16,17,699,0,0
951305,19-08-2017,19-08-2017,936,123644,35-39,F,10,12,13,1104,0,0
951334,18-08-2017,18-08-2017,936,123649,30-34,F,64,70,69,3717,1,1.539999962
951391,19-08-2017,19-08-2017,936,123659,30-34,F,28,29,33,2879,1,1.590000033
951392,20-08-2017,20-08-2017,936,123659,30-34,F,28,31,32,2749,1,1.389999986
951400,21-08-2017,21-08-2017,936,123660,45-49,F,10,12,15,24028,9,12.39000034
951402,21-08-2017,21-08-2017,936,123661,30-34,F,29,32,31,1118,0,0
951413,21-08-2017,21-08-2017,936,123662,30-34,F,26,29,27,1083,0,0
951420,21-08-2017,21-08-2017,936,123664,30-34,F,27,33,32,843,0,0
951444,21-08-2017,21-08-2017,936,123668,30-34,F,25,28,26,2983,1,0.970000029
951448,22-08-2017,22-08-2017,936,123668,30-34,F,25,30,28,696,0,0
951462,21-08-2017,21-08-2017,936,123671,45-49,F,16,20,19,7589,2,3.150000095
951464,21-08-2017,21-08-2017,936,123671,45-49,F,16,17,21,20997,10,11.94999981
951465,21-08-2017,21-08-2017,936,123671,45-49,F,16,18,17,4617,1,1.360000014
951498,21-08-2017,21-08-2017,936,123677,45-49,F,20,22,21,259,0,0
951508,21-08-2017,21-08-2017,936,123678,30-34,F,18,21,22,1134,0,0
951542,20-08-2017,20-08-2017,936,123684,40-44,F,27,32,28,357,0,0
951607,20-08-2017,20-08-2017,936,123695,40-44,F,10,15,15,848,0,0
951608,20-08-2017,20-08-2017,936,123695,40-44,F,10,15,13,3149,1,1.480000019
951641,20-08-2017,20-08-2017,936,123700,40-44,F,2,4,7,87,0,0
951677,20-08-2017,20-08-2017,936,123706,35-39,F,27,28,31,2563,1,1.480000019
951692,21-08-2017,21-08-2017,936,123709,35-39,F,10,15,14,1107,0,0
951715,20-08-2017,20-08-2017,936,123713,45-49,F,64,65,65,10677,5,7.269999981
951756,20-08-2017,20-08-2017,936,123720,35-39,F,22,25,26,2189,1,0.409999996
951779,20-08-2017,20-08-2017,936,123723,45-49,F,27,32,29,3277,2,2.680000067
951782,24-08-2017,24-08-2017,936,123724,45-49,F,26,30,29,781,0,0
951810,24-08-2017,24-08-2017,936,123729,35-39,F,16,17,22,2226,0,0
951812,29-08-2017,29-08-2017,936,123729,35-39,F,16,18,18,16274,4,6.079999924
951837,29-08-2017,29-08-2017,936,123733,45-49,F,20,23,23,2077,1,1.50999999
951853,29-08-2017,29-08-2017,936,123736,30-34,F,20,23,25,529,0,0
951854,25-08-2017,25-08-2017,936,123736,30-34,F,20,26,25,487,0,0
951856,25-08-2017,25-08-2017,936,123736,30-34,F,20,23,21,4626,2,2.099999905
951941,25-08-2017,25-08-2017,936,123750,30-34,F,28,33,34,2764,1,1.559999943
952001,25-08-2017,25-08-2017,936,123760,45-49,F,10,12,13,5447,2,2.960000038
952031,25-08-2017,25-08-2017,936,123765,40-44,F,16,17,17,28169,8,12.36999989
952080,29-08-2017,29-08-2017,936,123774,40-44,F,27,30,30,415,0,0
952100,29-08-2017,29-08-2017,936,123777,35-39,F,29,31,30,810,0,0
1121091,28-08-2017,28-08-2017,1178,144531,30-34,M,10,11,15,1194718,141,254.049996
1121092,28-08-2017,28-08-2017,1178,144531,30-34,M,10,12,11,637648,67,122.4
1121094,28-08-2017,28-08-2017,1178,144531,30-34,M,10,16,15,24362,0,0
1121095,28-08-2017,28-08-2017,1178,144531,30-34,M,10,16,12,459690,50,86.33000112
1121096,28-08-2017,28-08-2017,1178,144531,30-34,M,10,11,16,750060,86,161.9099991
1121097,29-08-2017,29-08-2017,1178,144532,30-34,M,15,18,18,30068,1,1.820000052
1121098,29-08-2017,29-08-2017,1178,144532,30-34,M,15,18,21,1267550,123,236.7699986
1121100,29-08-2017,29-08-2017,1178,144532,30-34,M,15,20,17,3052003,340,639.9499981
1121101,28-08-2017,28-08-2017,1178,144532,30-34,M,15,17,21,29945,1,1.590000033
1121102,25-08-2017,25-08-2017,1178,144532,30-34,M,15,18,20,357856,30,52.97000015
1121104,25-08-2017,25-08-2017,1178,144533,30-34,M,16,20,20,2080666,202,360.1500015
1121105,26-08-2017,26-08-2017,1178,144533,30-34,M,16,22,19,145999,9,16.5200001
1121107,26-08-2017,26-08-2017,1178,144533,30-34,M,16,17,19,32616,1,1.539999962
1121108,26-08-2017,26-08-2017,1178,144533,30-34,M,16,20,18,984521,95,163.8999972
1121110,26-08-2017,26-08-2017,1178,144534,30-34,M,18,20,22,880814,123,210.3600006
1121111,26-08-2017,26-08-2017,1178,144534,30-34,M,18,19,21,182452,20,35.73000026
1121113,27-08-2017,27-08-2017,1178,144534,30-34,M,18,24,24,894911,120,215.8399994
1121114,27-08-2017,27-08-2017,1178,144534,30-34,M,18,23,23,31349,2,3.800000072
1121115,26-08-2017,26-08-2017,1178,144535,30-34,M,19,21,21,410310,55,96.80000055
1121116,26-08-2017,26-08-2017,1178,144535,30-34,M,19,20,24,572450,89,157.329998
1121117,26-08-2017,26-08-2017,1178,144535,30-34,M,19,24,25,98759,15,26.56999946
1121119,25-08-2017,25-08-2017,1178,144535,30-34,M,19,21,22,345371,54,93.08999991
1121121,25-08-2017,25-08-2017,1178,144536,30-34,M,20,22,25,323899,46,78.9200002
1121122,25-08-2017,25-08-2017,1178,144536,30-34,M,20,21,25,399199,58,103.1500002
1121123,25-08-2017,25-08-2017,1178,144536,30-34,M,20,24,22,171202,22,36.53000021
1121124,26-08-2017,26-08-2017,1178,144536,30-34,M,20,26,24,128386,15,28.85000002
1121125,26-08-2017,26-08-2017,1178,144536,30-34,M,20,26,24,1034284,152,257.7099986
1121126,26-08-2017,26-08-2017,1178,144536,30-34,M,20,21,24,45923,5,7.220000148
1121127,26-08-2017,26-08-2017,1178,144537,30-34,M,21,23,22,40873,4,7.899999976
1121128,26-08-2017,26-08-2017,1178,144537,30-34,M,21,26,22,286553,34,62.06000042
1121129,28-08-2017,28-08-2017,1178,144537,30-34,M,21,25,25,20618,1,2.099999905
1121131,28-08-2017,28-08-2017,1178,144537,30-34,M,21,27,25,83591,7,14.14000046
1121132,21-08-2017,21-08-2017,1178,144537,30-34,M,21,23,27,114923,12,23.73000026
1121133,21-08-2017,21-08-2017,1178,144538,30-34,M,22,25,23,25002,1,1.710000038
1121134,21-08-2017,21-08-2017,1178,144538,30-34,M,22,27,28,68905,5,9.440000057
1121136,21-08-2017,21-08-2017,1178,144538,30-34,M,22,26,26,169588,16,27.79999924
1121138,21-08-2017,21-08-2017,1178,144538,30-34,M,22,26,24,328991,35,67.65000057
1121141,21-08-2017,21-08-2017,1178,144539,30-34,M,23,29,27,23198,2,2.980000019
1121142,21-08-2017,21-08-2017,1178,144539,30-34,M,23,24,27,26890,2,3.24000001
1121143,21-08-2017,21-08-2017,1178,144539,30-34,M,23,28,27,221695,31,52.26000011
1121152,20-08-2017,20-08-2017,1178,144541,30-34,M,24,29,28,88443,7,13.0400002
1121153,20-08-2017,20-08-2017,1178,144541,30-34,M,24,27,30,187856,23,38.38999975
1121164,19-08-2017,19-08-2017,1178,144545,30-34,M,25,31,30,570699,80,138.7699997
1121167,19-08-2017,19-08-2017,1178,144545,30-34,M,25,29,31,1063508,145,260.3800013
1121168,19-08-2017,19-08-2017,1178,144545,30-34,M,25,27,28,50523,6,8.549999952
1121172,20-08-2017,20-08-2017,1178,144547,30-34,M,26,30,28,87935,9,15.63000023
1121173,20-08-2017,20-08-2017,1178,144547,30-34,M,26,31,32,278225,33,60.19999957
1121175,20-08-2017,20-08-2017,1178,144547,30-34,M,26,28,29,209461,20,34.19000006
1121177,20-08-2017,20-08-2017,1178,144547,30-34,M,26,28,29,26316,2,3.24000001
1121181,20-08-2017,20-08-2017,1178,144549,30-34,M,27,32,29,41030,3,5.140000105
1121182,20-08-2017,20-08-2017,1178,144549,30-34,M,27,28,33,876671,120,216.5599982
1121183,21-08-2017,21-08-2017,1178,144549,30-34,M,27,32,29,399392,53,93.07000041
1121184,22-08-2017,22-08-2017,1178,144549,30-34,M,27,31,29,283858,30,56.05999923
1121185,23-08-2017,23-08-2017,1178,144549,30-34,M,27,28,29,260699,31,54.09999871
1121193,23-08-2017,23-08-2017,1178,144552,30-34,M,28,34,29,57781,5,7.800000072
1121195,23-08-2017,23-08-2017,1178,144552,30-34,M,28,34,33,38757,3,5.220000029
1121196,23-08-2017,23-08-2017,1178,144552,30-34,M,28,29,29,1392288,206,358.5500029
1121197,23-08-2017,23-08-2017,1178,144552,30-34,M,28,30,32,1109387,159,280.9899995
1121202,28-08-2017,28-08-2017,1178,144554,30-34,M,29,32,34,581281,65,115.1200008
1121203,23-08-2017,23-08-2017,1178,144554,30-34,M,29,35,33,1048861,128,219.770002
1121205,23-08-2017,23-08-2017,1178,144554,30-34,M,29,32,30,297452,30,52.01999986
1121206,23-08-2017,23-08-2017,1178,144554,30-34,M,29,34,31,227925,22,35.30999994
1121207,23-08-2017,23-08-2017,1178,144554,30-34,M,29,34,31,374175,38,63.32000101
1121211,23-08-2017,23-08-2017,1178,144556,30-34,M,30,32,31,223586,32,54.24000037
1121213,22-08-2017,22-08-2017,1178,144556,30-34,M,30,31,35,283170,39,65.22999996
1121215,22-08-2017,22-08-2017,1178,144556,30-34,M,30,31,34,41636,3,4.210000038
1121216,22-08-2017,22-08-2017,1178,144556,30-34,M,30,32,34,198658,30,48.60999978
1121220,22-08-2017,22-08-2017,1178,144558,30-34,M,31,37,35,100596,10,13.91999972
1121223,22-08-2017,22-08-2017,1178,144558,30-34,M,31,37,35,64020,5,11.0599997
1121224,23-08-2017,23-08-2017,1178,144558,30-34,M,31,32,33,14289,0,0
1121229,22-08-2017,22-08-2017,1178,144561,30-34,M,32,36,37,404866,43,87.42000079
1121231,22-08-2017,22-08-2017,1178,144561,30-34,M,32,36,35,22256,1,1.659999967
1121233,22-08-2017,22-08-2017,1178,144561,30-34,M,32,34,36,57690,4,6.74000001
1121241,27-08-2017,27-08-2017,1178,144562,30-34,M,36,40,37,24952,5,8.220000267
1121242,27-08-2017,27-08-2017,1178,144562,30-34,M,36,37,39,38900,3,5.580000043
1121243,22-08-2017,22-08-2017,1178,144562,30-34,M,36,42,42,53520,6,9.2299999
1121244,22-08-2017,22-08-2017,1178,144562,30-34,M,36,41,41,181683,20,34.22999972
1121245,22-08-2017,22-08-2017,1178,144562,30-34,M,36,37,40,29185,2,3.149999976
1121246,22-08-2017,22-08-2017,1178,144562,30-34,M,36,41,38,105047,13,20.2099994
1121250,22-08-2017,22-08-2017,1178,144565,30-34,M,63,67,64,287976,31,59.43999982
1121251,23-08-2017,23-08-2017,1178,144565,30-34,M,63,65,69,212175,22,38.58999968
